customer_id,store_id,first_name,last_name,email,address_id,active,create_date,last_update
1,1,Mary,Smith,mary.smith@sakilacustomer.org,5,1,2006-02-14 00:00:00,2006-02-15 00:00:00
2,1,Patricia,Johnson,patricia.johnson@sakilacustomer.org,6,1,2006-02-14 00:00:00,2006-02-15 00:00:00
3,1,Linda,Williams,linda.williams@sakilacustomer.org,7,1,2006-02-14 00:00:00,2006-02-15 00:00:00
4,2,Barbara,Jones,barbara.jones@sakilacustomer.org,8,1,2006-02-14 00:00:00,2006-02-15 00:00:00
5,1,Elizabeth,Brown,elizabeth.brown@sakilacustomer.org,9,1,2006-02-14 00:00:00,2006-02-15 00:00:00
6,2,Jennifer,Davis,jennifer.davis@sakilacustomer.org,10,1,2006-02-14 00:00:00,2006-02-15 00:00:00
7,1,Maria,Miller,maria.miller@sakilacustomer.org,11,1,2006-02-14 00:00:00,2006-02-15 00:00:00
8,2,Susan,Wilson,susan.wilson@sakilacustomer.org,12,1,2006-02-14 00:00:00,2006-02-15 00:00:00
9,2,Margaret,Moore,margaret.moore@sakilacustomer.org,13,1,2006-02-14 00:00:00,2006-02-15 00:00:00
10,1,Dorothy,Taylor,dorothy.taylor@sakilacustomer.org,14,1,2006-02-14 00:00:00,2006-02-15 00:00:00
11,2,Lisa,Anderson,lisa.anderson@sakilacustomer.org,15,1,2006-02-14 00:00:00,2006-02-15 00:00:00
12,1,Nancy,Thomas,nancy.thomas@sakilacustomer.org,16,1,2006-02-14 00:00:00,2006-02-15 00:00:00
13,2,Karen,Jackson,karen.jackson@sakilacustomer.org,17,1,2006-02-14 00:00:00,2006-02-15 00:00:00
14,2,Betty,White,betty.white@sakilacustomer.org,18,1,2006-02-14 00:00:00,2006-02-15 00:00:00
15,1,Helen,Harris,helen.harris@sakilacustomer.org,19,1,2006-02-14 00:00:00,2006-02-15 00:00:00
16,2,Sandra,Martin,sandra.martin@sakilacustomer.org,20,0,2006-02-14 00:00:00,2006-02-15 00:00:00
17,1,Donna,Thompson,donna.thompson@sakilacustomer.org,21,1,2006-02-14 00:00:00,2006-02-15 00:00:00
18,2,Carol,Garcia,carol.garcia@sakilacustomer.org,22,1,2006-02-14 00:00:00,2006-02-15 00:00:00
19,1,Ruth,Martinez,ruth.martinez@sakilacustomer.org,23,1,2006-02-14 00:00:00,2006-02-15 00:00:00
20,2,Sharon,Robinson,sharon.robinson@sakilacustomer.org,24,1,2006-02-14 00:00:00,2006-02-15 00:00:00
21,1,Michelle,Clark,michelle.clark@sakilacustomer.org,25,1,2006-02-14 00:00:00,2006-02-15 00:00:00
22,1,Laura,Rodriguez,laura.rodriguez@sakilacustomer.org,26,1,2006-02-14 00:00:00,2006-02-15 00:00:00
23,2,Sarah,Lewis,sarah.lewis@sakilacustomer.org,27,1,2006-02-14 00:00:00,2006-02-15 00:00:00
24,2,Kimberly,Lee,kimberly.lee@sakilacustomer.org,28,1,2006-02-14 00:00:00,2006-02-15 00:00:00
25,1,Deborah,Walker,deborah.walker@sakilacustomer.org,29,1,2006-02-14 00:00:00,2006-02-15 00:00:00
26,2,Jessica,Hall,jessica.hall@sakilacustomer.org,30,1,2006-02-14 00:00:00,2006-02-15 00:00:00
27,2,Shirley,Allen,shirley.allen@sakilacustomer.org,31,1,2006-02-14 00:00:00,2006-02-15 00:00:00
28,1,Cynthia,Young,cynthia.young@sakilacustomer.org,32,1,2006-02-14 00:00:00,2006-02-15 00:00:00
29,2,Angela,Hernandez,angela.hernandez@sakilacustomer.org,33,1,2006-02-14 00:00:00,2006-02-15 00:00:00
30,1,Melissa,King,melissa.king@sakilacustomer.org,34,1,2006-02-14 00:00:00,2006-02-15 00:00:00
31,2,Brenda,Wright,brenda.wright@sakilacustomer.org,35,1,2006-02-14 00:00:00,2006-02-15 00:00:00
32,1,Amy,Lopez,amy.lopez@sakilacustomer.org,36,1,2006-02-14 00:00:00,2006-02-15 00:00:00
33,2,Anna,Hill,anna.hill@sakilacustomer.org,37,1,2006-02-14 00:00:00,2006-02-15 00:00:00
34,2,Rebecca,Scott,rebecca.scott@sakilacustomer.org,38,1,2006-02-14 00:00:00,2006-02-15 00:00:00
35,2,Virginia,Green,virginia.green@sakilacustomer.org,39,1,2006-02-14 00:00:00,2006-02-15 00:00:00
36,2,Kathleen,Adams,kathleen.adams@sakilacustomer.org,40,1,2006-02-14 00:00:00,2006-02-15 00:00:00
37,1,Pamela,Baker,pamela.baker@sakilacustomer.org,41,1,2006-02-14 00:00:00,2006-02-15 00:00:00
38,1,Martha,Gonzalez,martha.gonzalez@sakilacustomer.org,42,1,2006-02-14 00:00:00,2006-02-15 00:00:00
39,1,Debra,Nelson,debra.nelson@sakilacustomer.org,43,1,2006-02-14 00:00:00,2006-02-15 00:00:00
40,2,Amanda,Carter,amanda.carter@sakilacustomer.org,44,1,2006-02-14 00:00:00,2006-02-15 00:00:00
41,1,Stephanie,Mitchell,stephanie.mitchell@sakilacustomer.org,45,1,2006-02-14 00:00:00,2006-02-15 00:00:00
42,2,Carolyn,Perez,carolyn.perez@sakilacustomer.org,46,1,2006-02-14 00:00:00,2006-02-15 00:00:00
43,2,Christine,Roberts,christine.roberts@sakilacustomer.org,47,1,2006-02-14 00:00:00,2006-02-15 00:00:00
44,1,Marie,Turner,marie.turner@sakilacustomer.org,48,1,2006-02-14 00:00:00,2006-02-15 00:00:00
45,1,Janet,Phillips,janet.phillips@sakilacustomer.org,49,1,2006-02-14 00:00:00,2006-02-15 00:00:00
46,2,Catherine,Campbell,catherine.campbell@sakilacustomer.org,50,1,2006-02-14 00:00:00,2006-02-15 00:00:00
47,1,Frances,Parker,frances.parker@sakilacustomer.org,51,1,2006-02-14 00:00:00,2006-02-15 00:00:00
48,1,Ann,Evans,ann.evans@sakilacustomer.org,52,1,2006-02-14 00:00:00,2006-02-15 00:00:00
49,2,Joyce,Edwards,joyce.edwards@sakilacustomer.org,53,1,2006-02-14 00:00:00,2006-02-15 00:00:00
50,1,Diane,Collins,diane.collins@sakilacustomer.org,54,1,2006-02-14 00:00:00,2006-02-15 00:00:00
51,1,Alice,Stewart,alice.stewart@sakilacustomer.org,55,1,2006-02-14 00:00:00,2006-02-15 00:00:00
52,1,Julie,Sanchez,julie.sanchez@sakilacustomer.org,56,1,2006-02-14 00:00:00,2006-02-15 00:00:00
53,1,Heather,Morris,heather.morris@sakilacustomer.org,57,1,2006-02-14 00:00:00,2006-02-15 00:00:00
54,1,Teresa,Rogers,teresa.rogers@sakilacustomer.org,58,1,2006-02-14 00:00:00,2006-02-15 00:00:00
55,2,Doris,Reed,doris.reed@sakilacustomer.org,59,1,2006-02-14 00:00:00,2006-02-15 00:00:00
56,1,Gloria,Cook,gloria.cook@sakilacustomer.org,60,1,2006-02-14 00:00:00,2006-02-15 00:00:00
57,2,Evelyn,Morgan,evelyn.morgan@sakilacustomer.org,61,1,2006-02-14 00:00:00,2006-02-15 00:00:00
58,1,Jean,Bell,jean.bell@sakilacustomer.org,62,1,2006-02-14 00:00:00,2006-02-15 00:00:00
59,1,Cheryl,Murphy,cheryl.murphy@sakilacustomer.org,63,1,2006-02-14 00:00:00,2006-02-15 00:00:00
60,1,Mildred,Bailey,mildred.bailey@sakilacustomer.org,64,1,2006-02-14 00:00:00,2006-02-15 00:00:00
61,2,Katherine,Rivera,katherine.rivera@sakilacustomer.org,65,1,2006-02-14 00:00:00,2006-02-15 00:00:00
62,1,Joan,Cooper,joan.cooper@sakilacustomer.org,66,1,2006-02-14 00:00:00,2006-02-15 00:00:00
63,1,Ashley,Richardson,ashley.richardson@sakilacustomer.org,67,1,2006-02-14 00:00:00,2006-02-15 00:00:00
64,2,Judith,Cox,judith.cox@sakilacustomer.org,68,0,2006-02-14 00:00:00,2006-02-15 00:00:00
65,2,Rose,Howard,rose.howard@sakilacustomer.org,69,1,2006-02-14 00:00:00,2006-02-15 00:00:00
66,2,Janice,Ward,janice.ward@sakilacustomer.org,70,1,2006-02-14 00:00:00,2006-02-15 00:00:00
67,1,Kelly,Torres,kelly.torres@sakilacustomer.org,71,1,2006-02-14 00:00:00,2006-02-15 00:00:00
68,1,Nicole,Peterson,nicole.peterson@sakilacustomer.org,72,1,2006-02-14 00:00:00,2006-02-15 00:00:00
69,2,Judy,Gray,judy.gray@sakilacustomer.org,73,1,2006-02-14 00:00:00,2006-02-15 00:00:00
70,2,Christina,Ramirez,christina.ramirez@sakilacustomer.org,74,1,2006-02-14 00:00:00,2006-02-15 00:00:00
71,1,Kathy,James,kathy.james@sakilacustomer.org,75,1,2006-02-14 00:00:00,2006-02-15 00:00:00
72,2,Theresa,Watson,theresa.watson@sakilacustomer.org,76,1,2006-02-14 00:00:00,2006-02-15 00:00:00
73,2,Beverly,Brooks,beverly.brooks@sakilacustomer.org,77,1,2006-02-14 00:00:00,2006-02-15 00:00:00
74,1,Denise,Kelly,denise.kelly@sakilacustomer.org,78,1,2006-02-14 00:00:00,2006-02-15 00:00:00
75,2,Tammy,Sanders,tammy.sanders@sakilacustomer.org,79,1,2006-02-14 00:00:00,2006-02-15 00:00:00
76,2,Irene,Price,irene.price@sakilacustomer.org,80,1,2006-02-14 00:00:00,2006-02-15 00:00:00
77,2,Jane,Bennett,jane.bennett@sakilacustomer.org,81,1,2006-02-14 00:00:00,2006-02-15 00:00:00
78,1,Lori,Wood,lori.wood@sakilacustomer.org,82,1,2006-02-14 00:00:00,2006-02-15 00:00:00
79,1,Rachel,Barnes,rachel.barnes@sakilacustomer.org,83,1,2006-02-14 00:00:00,2006-02-15 00:00:00
80,1,Marilyn,Ross,marilyn.ross@sakilacustomer.org,84,1,2006-02-14 00:00:00,2006-02-15 00:00:00
81,1,Andrea,Henderson,andrea.henderson@sakilacustomer.org,85,1,2006-02-14 00:00:00,2006-02-15 00:00:00
82,1,Kathryn,Coleman,kathryn.coleman@sakilacustomer.org,86,1,2006-02-14 00:00:00,2006-02-15 00:00:00
83,1,Louise,Jenkins,louise.jenkins@sakilacustomer.org,87,1,2006-02-14 00:00:00,2006-02-15 00:00:00
84,2,Sara,Perry,sara.perry@sakilacustomer.org,88,1,2006-02-14 00:00:00,2006-02-15 00:00:00
85,2,Anne,Powell,anne.powell@sakilacustomer.org,89,1,2006-02-14 00:00:00,2006-02-15 00:00:00
86,2,Jacqueline,Long,jacqueline.long@sakilacustomer.org,90,1,2006-02-14 00:00:00,2006-02-15 00:00:00
87,1,Wanda,Patterson,wanda.patterson@sakilacustomer.org,91,1,2006-02-14 00:00:00,2006-02-15 00:00:00
88,2,Bonnie,Hughes,bonnie.hughes@sakilacustomer.org,92,1,2006-02-14 00:00:00,2006-02-15 00:00:00
89,1,Julia,Flores,julia.flores@sakilacustomer.org,93,1,2006-02-14 00:00:00,2006-02-15 00:00:00
90,2,Ruby,Washington,ruby.washington@sakilacustomer.org,94,1,2006-02-14 00:00:00,2006-02-15 00:00:00
91,2,Lois,Butler,lois.butler@sakilacustomer.org,95,1,2006-02-14 00:00:00,2006-02-15 00:00:00
92,2,Tina,Simmons,tina.simmons@sakilacustomer.org,96,1,2006-02-14 00:00:00,2006-02-15 00:00:00
93,1,Phyllis,Foster,phyllis.foster@sakilacustomer.org,97,1,2006-02-14 00:00:00,2006-02-15 00:00:00
94,1,Norma,Gonzales,norma.gonzales@sakilacustomer.org,98,1,2006-02-14 00:00:00,2006-02-15 00:00:00
95,2,Paula,Bryant,paula.bryant@sakilacustomer.org,99,1,2006-02-14 00:00:00,2006-02-15 00:00:00
96,1,Diana,Alexander,diana.alexander@sakilacustomer.org,100,1,2006-02-14 00:00:00,2006-02-15 00:00:00
97,2,Annie,Russell,annie.russell@sakilacustomer.org,101,1,2006-02-14 00:00:00,2006-02-15 00:00:00
98,1,Lillian,Griffin,lillian.griffin@sakilacustomer.org,102,1,2006-02-14 00:00:00,2006-02-15 00:00:00
99,2,Emily,Diaz,emily.diaz@sakilacustomer.org,103,1,2006-02-14 00:00:00,2006-02-15 00:00:00
100,1,Robin,Hayes,robin.hayes@sakilacustomer.org,104,1,2006-02-14 00:00:00,2006-02-15 00:00:00
101,1,Peggy,Myers,peggy.myers@sakilacustomer.org,105,1,2006-02-14 00:00:00,2006-02-15 00:00:00
102,1,Crystal,Ford,crystal.ford@sakilacustomer.org,106,1,2006-02-14 00:00:00,2006-02-15 00:00:00
103,1,Gladys,Hamilton,gladys.hamilton@sakilacustomer.org,107,1,2006-02-14 00:00:00,2006-02-15 00:00:00
104,1,Rita,Graham,rita.graham@sakilacustomer.org,108,1,2006-02-14 00:00:00,2006-02-15 00:00:00
105,1,Dawn,Sullivan,dawn.sullivan@sakilacustomer.org,109,1,2006-02-14 00:00:00,2006-02-15 00:00:00
106,1,Connie,Wallace,connie.wallace@sakilacustomer.org,110,1,2006-02-14 00:00:00,2006-02-15 00:00:00
107,1,Florence,Woods,florence.woods@sakilacustomer.org,111,1,2006-02-14 00:00:00,2006-02-15 00:00:00
108,1,Tracy,Cole,tracy.cole@sakilacustomer.org,112,1,2006-02-14 00:00:00,2006-02-15 00:00:00
109,2,Edna,West,edna.west@sakilacustomer.org,113,1,2006-02-14 00:00:00,2006-02-15 00:00:00
110,2,Tiffany,Jordan,tiffany.jordan@sakilacustomer.org,114,1,2006-02-14 00:00:00,2006-02-15 00:00:00
111,1,Carmen,Owens,carmen.owens@sakilacustomer.org,115,1,2006-02-14 00:00:00,2006-02-15 00:00:00
112,2,Rosa,Reynolds,rosa.reynolds@sakilacustomer.org,116,1,2006-02-14 00:00:00,2006-02-15 00:00:00
113,2,Cindy,Fisher,cindy.fisher@sakilacustomer.org,117,1,2006-02-14 00:00:00,2006-02-15 00:00:00
114,2,Grace,Ellis,grace.ellis@sakilacustomer.org,118,1,2006-02-14 00:00:00,2006-02-15 00:00:00
115,1,Wendy,Harrison,wendy.harrison@sakilacustomer.org,119,1,2006-02-14 00:00:00,2006-02-15 00:00:00
116,1,Victoria,Gibson,victoria.gibson@sakilacustomer.org,120,1,2006-02-14 00:00:00,2006-02-15 00:00:00
117,1,Edith,Mcdonald,edith.mcdonald@sakilacustomer.org,121,1,2006-02-14 00:00:00,2006-02-15 00:00:00
118,1,Kim,Cruz,kim.cruz@sakilacustomer.org,122,1,2006-02-14 00:00:00,2006-02-15 00:00:00
119,1,Sherry,Marshall,sherry.marshall@sakilacustomer.org,123,1,2006-02-14 00:00:00,2006-02-15 00:00:00
120,2,Sylvia,Ortiz,sylvia.ortiz@sakilacustomer.org,124,1,2006-02-14 00:00:00,2006-02-15 00:00:00
121,1,Josephine,Gomez,josephine.gomez@sakilacustomer.org,125,1,2006-02-14 00:00:00,2006-02-15 00:00:00
122,1,Thelma,Murray,thelma.murray@sakilacustomer.org,126,1,2006-02-14 00:00:00,2006-02-15 00:00:00
123,2,Shannon,Freeman,shannon.freeman@sakilacustomer.org,127,1,2006-02-14 00:00:00,2006-02-15 00:00:00
124,1,Sheila,Wells,sheila.wells@sakilacustomer.org,128,0,2006-02-14 00:00:00,2006-02-15 00:00:00
125,1,Ethel,Webb,ethel.webb@sakilacustomer.org,129,1,2006-02-14 00:00:00,2006-02-15 00:00:00
126,1,Ellen,Simpson,ellen.simpson@sakilacustomer.org,130,1,2006-02-14 00:00:00,2006-02-15 00:00:00
127,2,Elaine,Stevens,elaine.stevens@sakilacustomer.org,131,1,2006-02-14 00:00:00,2006-02-15 00:00:00
128,1,Marjorie,Tucker,marjorie.tucker@sakilacustomer.org,132,1,2006-02-14 00:00:00,2006-02-15 00:00:00
129,1,Carrie,Porter,carrie.porter@sakilacustomer.org,133,1,2006-02-14 00:00:00,2006-02-15 00:00:00
130,1,Charlotte,Hunter,charlotte.hunter@sakilacustomer.org,134,1,2006-02-14 00:00:00,2006-02-15 00:00:00
131,2,Monica,Hicks,monica.hicks@sakilacustomer.org,135,1,2006-02-14 00:00:00,2006-02-15 00:00:00
132,2,Esther,Crawford,esther.crawford@sakilacustomer.org,136,1,2006-02-14 00:00:00,2006-02-15 00:00:00
133,1,Pauline,Henry,pauline.henry@sakilacustomer.org,137,1,2006-02-14 00:00:00,2006-02-15 00:00:00
134,1,Emma,Boyd,emma.boyd@sakilacustomer.org,138,1,2006-02-14 00:00:00,2006-02-15 00:00:00
135,2,Juanita,Mason,juanita.mason@sakilacustomer.org,139,1,2006-02-14 00:00:00,2006-02-15 00:00:00
136,2,Anita,Morales,anita.morales@sakilacustomer.org,140,1,2006-02-14 00:00:00,2006-02-15 00:00:00
137,2,Rhonda,Kennedy,rhonda.kennedy@sakilacustomer.org,141,1,2006-02-14 00:00:00,2006-02-15 00:00:00
138,1,Hazel,Warren,hazel.warren@sakilacustomer.org,142,1,2006-02-14 00:00:00,2006-02-15 00:00:00
139,1,Amber,Dixon,amber.dixon@sakilacustomer.org,143,1,2006-02-14 00:00:00,2006-02-15 00:00:00
140,1,Eva,Ramos,eva.ramos@sakilacustomer.org,144,1,2006-02-14 00:00:00,2006-02-15 00:00:00
141,1,Debbie,Reyes,debbie.reyes@sakilacustomer.org,145,1,2006-02-14 00:00:00,2006-02-15 00:00:00
142,1,April,Burns,april.burns@sakilacustomer.org,146,1,2006-02-14 00:00:00,2006-02-15 00:00:00
143,1,Leslie,Gordon,leslie.gordon@sakilacustomer.org,147,1,2006-02-14 00:00:00,2006-02-15 00:00:00
144,1,Clara,Shaw,clara.shaw@sakilacustomer.org,148,1,2006-02-14 00:00:00,2006-02-15 00:00:00
145,1,Lucille,Holmes,lucille.holmes@sakilacustomer.org,149,1,2006-02-14 00:00:00,2006-02-15 00:00:00
146,1,Jamie,Rice,jamie.rice@sakilacustomer.org,150,1,2006-02-14 00:00:00,2006-02-15 00:00:00
147,2,Joanne,Robertson,joanne.robertson@sakilacustomer.org,151,1,2006-02-14 00:00:00,2006-02-15 00:00:00
148,1,Eleanor,Hunt,eleanor.hunt@sakilacustomer.org,152,1,2006-02-14 00:00:00,2006-02-15 00:00:00
149,1,Valerie,Black,valerie.black@sakilacustomer.org,153,1,2006-02-14 00:00:00,2006-02-15 00:00:00
150,2,Danielle,Daniels,danielle.daniels@sakilacustomer.org,154,1,2006-02-14 00:00:00,2006-02-15 00:00:00
151,2,Megan,Palmer,megan.palmer@sakilacustomer.org,155,1,2006-02-14 00:00:00,2006-02-15 00:00:00
152,1,Alicia,Mills,alicia.mills@sakilacustomer.org,156,1,2006-02-14 00:00:00,2006-02-15 00:00:00
153,2,Suzanne,Nichols,suzanne.nichols@sakilacustomer.org,157,1,2006-02-14 00:00:00,2006-02-15 00:00:00
154,2,Michele,Grant,michele.grant@sakilacustomer.org,158,1,2006-02-14 00:00:00,2006-02-15 00:00:00
155,1,Gail,Knight,gail.knight@sakilacustomer.org,159,1,2006-02-14 00:00:00,2006-02-15 00:00:00
156,1,Bertha,Ferguson,bertha.ferguson@sakilacustomer.org,160,1,2006-02-14 00:00:00,2006-02-15 00:00:00
157,2,Darlene,Rose,darlene.rose@sakilacustomer.org,161,1,2006-02-14 00:00:00,2006-02-15 00:00:00
158,1,Veronica,Stone,veronica.stone@sakilacustomer.org,162,1,2006-02-14 00:00:00,2006-02-15 00:00:00
159,1,Jill,Hawkins,jill.hawkins@sakilacustomer.org,163,1,2006-02-14 00:00:00,2006-02-15 00:00:00
160,2,Erin,Dunn,erin.dunn@sakilacustomer.org,164,1,2006-02-14 00:00:00,2006-02-15 00:00:00
161,1,Geraldine,Perkins,geraldine.perkins@sakilacustomer.org,165,1,2006-02-14 00:00:00,2006-02-15 00:00:00
162,2,Lauren,Hudson,lauren.hudson@sakilacustomer.org,166,1,2006-02-14 00:00:00,2006-02-15 00:00:00
163,1,Cathy,Spencer,cathy.spencer@sakilacustomer.org,167,1,2006-02-14 00:00:00,2006-02-15 00:00:00
164,2,Joann,Gardner,joann.gardner@sakilacustomer.org,168,1,2006-02-14 00:00:00,2006-02-15 00:00:00
165,2,Lorraine,Stephens,lorraine.stephens@sakilacustomer.org,169,1,2006-02-14 00:00:00,2006-02-15 00:00:00
166,1,Lynn,Payne,lynn.payne@sakilacustomer.org,170,1,2006-02-14 00:00:00,2006-02-15 00:00:00
167,2,Sally,Pierce,sally.pierce@sakilacustomer.org,171,1,2006-02-14 00:00:00,2006-02-15 00:00:00
168,1,Regina,Berry,regina.berry@sakilacustomer.org,172,1,2006-02-14 00:00:00,2006-02-15 00:00:00
169,2,Erica,Matthews,erica.matthews@sakilacustomer.org,173,0,2006-02-14 00:00:00,2006-02-15 00:00:00
170,1,Beatrice,Arnold,beatrice.arnold@sakilacustomer.org,174,1,2006-02-14 00:00:00,2006-02-15 00:00:00
171,2,Dolores,Wagner,dolores.wagner@sakilacustomer.org,175,1,2006-02-14 00:00:00,2006-02-15 00:00:00
172,1,Bernice,Willis,bernice.willis@sakilacustomer.org,176,1,2006-02-14 00:00:00,2006-02-15 00:00:00
173,1,Audrey,Ray,audrey.ray@sakilacustomer.org,177,1,2006-02-14 00:00:00,2006-02-15 00:00:00
174,2,Yvonne,Watkins,yvonne.watkins@sakilacustomer.org,178,1,2006-02-14 00:00:00,2006-02-15 00:00:00
175,1,Annette,Olson,annette.olson@sakilacustomer.org,179,1,2006-02-14 00:00:00,2006-02-15 00:00:00
176,1,June,Carroll,june.carroll@sakilacustomer.org,180,1,2006-02-14 00:00:00,2006-02-15 00:00:00
177,2,Samantha,Duncan,samantha.duncan@sakilacustomer.org,181,1,2006-02-14 00:00:00,2006-02-15 00:00:00
178,2,Marion,Snyder,marion.snyder@sakilacustomer.org,182,1,2006-02-14 00:00:00,2006-02-15 00:00:00
179,1,Dana,Hart,dana.hart@sakilacustomer.org,183,1,2006-02-14 00:00:00,2006-02-15 00:00:00
180,2,Stacy,Cunningham,stacy.cunningham@sakilacustomer.org,184,1,2006-02-14 00:00:00,2006-02-15 00:00:00
181,2,Ana,Bradley,ana.bradley@sakilacustomer.org,185,1,2006-02-14 00:00:00,2006-02-15 00:00:00
182,1,Renee,Lane,renee.lane@sakilacustomer.org,186,1,2006-02-14 00:00:00,2006-02-15 00:00:00
183,2,Ida,Andrews,ida.andrews@sakilacustomer.org,187,1,2006-02-14 00:00:00,2006-02-15 00:00:00
184,1,Vivian,Ruiz,vivian.ruiz@sakilacustomer.org,188,1,2006-02-14 00:00:00,2006-02-15 00:00:00
185,1,Roberta,Harper,roberta.harper@sakilacustomer.org,189,1,2006-02-14 00:00:00,2006-02-15 00:00:00
186,2,Holly,Fox,holly.fox@sakilacustomer.org,190,1,2006-02-14 00:00:00,2006-02-15 00:00:00
187,2,Brittany,Riley,brittany.riley@sakilacustomer.org,191,1,2006-02-14 00:00:00,2006-02-15 00:00:00
188,1,Melanie,Armstrong,melanie.armstrong@sakilacustomer.org,192,1,2006-02-14 00:00:00,2006-02-15 00:00:00
189,1,Loretta,Carpenter,loretta.carpenter@sakilacustomer.org,193,1,2006-02-14 00:00:00,2006-02-15 00:00:00
190,2,Yolanda,Weaver,yolanda.weaver@sakilacustomer.org,194,1,2006-02-14 00:00:00,2006-02-15 00:00:00
191,1,Jeanette,Greene,jeanette.greene@sakilacustomer.org,195,1,2006-02-14 00:00:00,2006-02-15 00:00:00
192,1,Laurie,Lawrence,laurie.lawrence@sakilacustomer.org,196,1,2006-02-14 00:00:00,2006-02-15 00:00:00
193,2,Katie,Elliott,katie.elliott@sakilacustomer.org,197,1,2006-02-14 00:00:00,2006-02-15 00:00:00
194,2,Kristen,Chavez,kristen.chavez@sakilacustomer.org,198,1,2006-02-14 00:00:00,2006-02-15 00:00:00
195,1,Vanessa,Sims,vanessa.sims@sakilacustomer.org,199,1,2006-02-14 00:00:00,2006-02-15 00:00:00
196,1,Alma,Austin,alma.austin@sakilacustomer.org,200,1,2006-02-14 00:00:00,2006-02-15 00:00:00
197,2,Sue,Peters,sue.peters@sakilacustomer.org,201,1,2006-02-14 00:00:00,2006-02-15 00:00:00
198,2,Elsie,Kelley,elsie.kelley@sakilacustomer.org,202,1,2006-02-14 00:00:00,2006-02-15 00:00:00
199,2,Beth,Franklin,beth.franklin@sakilacustomer.org,203,1,2006-02-14 00:00:00,2006-02-15 00:00:00
200,2,Jeanne,Lawson,jeanne.lawson@sakilacustomer.org,204,1,2006-02-14 00:00:00,2006-02-15 00:00:00
201,1,Vicki,Fields,vicki.fields@sakilacustomer.org,205,1,2006-02-14 00:00:00,2006-02-15 00:00:00
202,2,Carla,Gutierrez,carla.gutierrez@sakilacustomer.org,206,1,2006-02-14 00:00:00,2006-02-15 00:00:00
203,1,Tara,Ryan,tara.ryan@sakilacustomer.org,207,1,2006-02-14 00:00:00,2006-02-15 00:00:00
204,1,Rosemary,Schmidt,rosemary.schmidt@sakilacustomer.org,208,1,2006-02-14 00:00:00,2006-02-15 00:00:00
205,2,Eileen,Carr,eileen.carr@sakilacustomer.org,209,1,2006-02-14 00:00:00,2006-02-15 00:00:00
206,1,Terri,Vasquez,terri.vasquez@sakilacustomer.org,210,1,2006-02-14 00:00:00,2006-02-15 00:00:00
207,1,Gertrude,Castillo,gertrude.castillo@sakilacustomer.org,211,1,2006-02-14 00:00:00,2006-02-15 00:00:00
208,1,Lucy,Wheeler,lucy.wheeler@sakilacustomer.org,212,1,2006-02-14 00:00:00,2006-02-15 00:00:00
209,2,Tonya,Chapman,tonya.chapman@sakilacustomer.org,213,1,2006-02-14 00:00:00,2006-02-15 00:00:00
210,2,Ella,Oliver,ella.oliver@sakilacustomer.org,214,1,2006-02-14 00:00:00,2006-02-15 00:00:00
211,1,Stacey,Montgomery,stacey.montgomery@sakilacustomer.org,215,1,2006-02-14 00:00:00,2006-02-15 00:00:00
212,2,Wilma,Richards,wilma.richards@sakilacustomer.org,216,1,2006-02-14 00:00:00,2006-02-15 00:00:00
213,1,Gina,Williamson,gina.williamson@sakilacustomer.org,217,1,2006-02-14 00:00:00,2006-02-15 00:00:00
214,1,Kristin,Johnston,kristin.johnston@sakilacustomer.org,218,1,2006-02-14 00:00:00,2006-02-15 00:00:00
215,2,Jessie,Banks,jessie.banks@sakilacustomer.org,219,1,2006-02-14 00:00:00,2006-02-15 00:00:00
216,1,Natalie,Meyer,natalie.meyer@sakilacustomer.org,220,1,2006-02-14 00:00:00,2006-02-15 00:00:00
217,2,Agnes,Bishop,agnes.bishop@sakilacustomer.org,221,1,2006-02-14 00:00:00,2006-02-15 00:00:00
218,1,Vera,Mccoy,vera.mccoy@sakilacustomer.org,222,1,2006-02-14 00:00:00,2006-02-15 00:00:00
219,2,Willie,Howell,willie.howell@sakilacustomer.org,223,1,2006-02-14 00:00:00,2006-02-15 00:00:00
220,2,Charlene,Alvarez,charlene.alvarez@sakilacustomer.org,224,1,2006-02-14 00:00:00,2006-02-15 00:00:00
221,1,Bessie,Morrison,bessie.morrison@sakilacustomer.org,225,1,2006-02-14 00:00:00,2006-02-15 00:00:00
222,2,Delores,Hansen,delores.hansen@sakilacustomer.org,226,1,2006-02-14 00:00:00,2006-02-15 00:00:00
223,1,Melinda,Fernandez,melinda.fernandez@sakilacustomer.org,227,1,2006-02-14 00:00:00,2006-02-15 00:00:00
224,2,Pearl,Garza,pearl.garza@sakilacustomer.org,228,1,2006-02-14 00:00:00,2006-02-15 00:00:00
225,1,Arlene,Harvey,arlene.harvey@sakilacustomer.org,229,1,2006-02-14 00:00:00,2006-02-15 00:00:00
226,2,Maureen,Little,maureen.little@sakilacustomer.org,230,1,2006-02-14 00:00:00,2006-02-15 00:00:00
227,1,Colleen,Burton,colleen.burton@sakilacustomer.org,231,1,2006-02-14 00:00:00,2006-02-15 00:00:00
228,2,Allison,Stanley,allison.stanley@sakilacustomer.org,232,1,2006-02-14 00:00:00,2006-02-15 00:00:00
229,1,Tamara,Nguyen,tamara.nguyen@sakilacustomer.org,233,1,2006-02-14 00:00:00,2006-02-15 00:00:00
230,2,Joy,George,joy.george@sakilacustomer.org,234,1,2006-02-14 00:00:00,2006-02-15 00:00:00
231,1,Georgia,Jacobs,georgia.jacobs@sakilacustomer.org,235,1,2006-02-14 00:00:00,2006-02-15 00:00:00
232,2,Constance,Reid,constance.reid@sakilacustomer.org,236,1,2006-02-14 00:00:00,2006-02-15 00:00:00
233,2,Lillie,Kim,lillie.kim@sakilacustomer.org,237,1,2006-02-14 00:00:00,2006-02-15 00:00:00
234,1,Claudia,Fuller,claudia.fuller@sakilacustomer.org,238,1,2006-02-14 00:00:00,2006-02-15 00:00:00
235,1,Jackie,Lynch,jackie.lynch@sakilacustomer.org,239,1,2006-02-14 00:00:00,2006-02-15 00:00:00
236,1,Marcia,Dean,marcia.dean@sakilacustomer.org,240,1,2006-02-14 00:00:00,2006-02-15 00:00:00
237,1,Tanya,Gilbert,tanya.gilbert@sakilacustomer.org,241,1,2006-02-14 00:00:00,2006-02-15 00:00:00
238,1,Nellie,Garrett,nellie.garrett@sakilacustomer.org,242,1,2006-02-14 00:00:00,2006-02-15 00:00:00
239,2,Minnie,Romero,minnie.romero@sakilacustomer.org,243,1,2006-02-14 00:00:00,2006-02-15 00:00:00
240,1,Marlene,Welch,marlene.welch@sakilacustomer.org,244,1,2006-02-14 00:00:00,2006-02-15 00:00:00
241,2,Heidi,Larson,heidi.larson@sakilacustomer.org,245,0,2006-02-14 00:00:00,2006-02-15 00:00:00
242,1,Glenda,Frazier,glenda.frazier@sakilacustomer.org,246,1,2006-02-14 00:00:00,2006-02-15 00:00:00
243,1,Lydia,Burke,lydia.burke@sakilacustomer.org,247,1,2006-02-14 00:00:00,2006-02-15 00:00:00
244,2,Viola,Hanson,viola.hanson@sakilacustomer.org,248,1,2006-02-14 00:00:00,2006-02-15 00:00:00
245,1,Courtney,Day,courtney.day@sakilacustomer.org,249,1,2006-02-14 00:00:00,2006-02-15 00:00:00
246,1,Marian,Mendoza,marian.mendoza@sakilacustomer.org,250,1,2006-02-14 00:00:00,2006-02-15 00:00:00
247,1,Stella,Moreno,stella.moreno@sakilacustomer.org,251,1,2006-02-14 00:00:00,2006-02-15 00:00:00
248,1,Caroline,Bowman,caroline.bowman@sakilacustomer.org,252,1,2006-02-14 00:00:00,2006-02-15 00:00:00
249,2,Dora,Medina,dora.medina@sakilacustomer.org,253,1,2006-02-14 00:00:00,2006-02-15 00:00:00
250,2,Jo,Fowler,jo.fowler@sakilacustomer.org,254,1,2006-02-14 00:00:00,2006-02-15 00:00:00
251,2,Vickie,Brewer,vickie.brewer@sakilacustomer.org,255,1,2006-02-14 00:00:00,2006-02-15 00:00:00
252,2,Mattie,Hoffman,mattie.hoffman@sakilacustomer.org,256,1,2006-02-14 00:00:00,2006-02-15 00:00:00
253,1,Terry,Carlson,terry.carlson@sakilacustomer.org,258,1,2006-02-14 00:00:00,2006-02-15 00:00:00
254,2,Maxine,Silva,maxine.silva@sakilacustomer.org,259,1,2006-02-14 00:00:00,2006-02-15 00:00:00
255,2,Irma,Pearson,irma.pearson@sakilacustomer.org,260,1,2006-02-14 00:00:00,2006-02-15 00:00:00
256,2,Mabel,Holland,mabel.holland@sakilacustomer.org,261,1,2006-02-14 00:00:00,2006-02-15 00:00:00
257,2,Marsha,Douglas,marsha.douglas@sakilacustomer.org,262,1,2006-02-14 00:00:00,2006-02-15 00:00:00
258,1,Myrtle,Fleming,myrtle.fleming@sakilacustomer.org,263,1,2006-02-14 00:00:00,2006-02-15 00:00:00
259,2,Lena,Jensen,lena.jensen@sakilacustomer.org,264,1,2006-02-14 00:00:00,2006-02-15 00:00:00
260,1,Christy,Vargas,christy.vargas@sakilacustomer.org,265,1,2006-02-14 00:00:00,2006-02-15 00:00:00
261,1,Deanna,Byrd,deanna.byrd@sakilacustomer.org,266,1,2006-02-14 00:00:00,2006-02-15 00:00:00
262,2,Patsy,Davidson,patsy.davidson@sakilacustomer.org,267,1,2006-02-14 00:00:00,2006-02-15 00:00:00
263,1,Hilda,Hopkins,hilda.hopkins@sakilacustomer.org,268,1,2006-02-14 00:00:00,2006-02-15 00:00:00
264,1,Gwendolyn,May,gwendolyn.may@sakilacustomer.org,269,1,2006-02-14 00:00:00,2006-02-15 00:00:00
265,2,Jennie,Terry,jennie.terry@sakilacustomer.org,270,1,2006-02-14 00:00:00,2006-02-15 00:00:00
266,2,Nora,Herrera,nora.herrera@sakilacustomer.org,271,1,2006-02-14 00:00:00,2006-02-15 00:00:00
267,1,Margie,Wade,margie.wade@sakilacustomer.org,272,1,2006-02-14 00:00:00,2006-02-15 00:00:00
268,1,Nina,Soto,nina.soto@sakilacustomer.org,273,1,2006-02-14 00:00:00,2006-02-15 00:00:00
269,1,Cassandra,Walters,cassandra.walters@sakilacustomer.org,274,1,2006-02-14 00:00:00,2006-02-15 00:00:00
270,1,Leah,Curtis,leah.curtis@sakilacustomer.org,275,1,2006-02-14 00:00:00,2006-02-15 00:00:00
271,1,Penny,Neal,penny.neal@sakilacustomer.org,276,0,2006-02-14 00:00:00,2006-02-15 00:00:00
272,1,Kay,Caldwell,kay.caldwell@sakilacustomer.org,277,1,2006-02-14 00:00:00,2006-02-15 00:00:00
273,2,Priscilla,Lowe,priscilla.lowe@sakilacustomer.org,278,1,2006-02-14 00:00:00,2006-02-15 00:00:00
274,1,Naomi,Jennings,naomi.jennings@sakilacustomer.org,279,1,2006-02-14 00:00:00,2006-02-15 00:00:00
275,2,Carole,Barnett,carole.barnett@sakilacustomer.org,280,1,2006-02-14 00:00:00,2006-02-15 00:00:00
276,1,Brandy,Graves,brandy.graves@sakilacustomer.org,281,1,2006-02-14 00:00:00,2006-02-15 00:00:00
277,2,Olga,Jimenez,olga.jimenez@sakilacustomer.org,282,1,2006-02-14 00:00:00,2006-02-15 00:00:00
278,2,Billie,Horton,billie.horton@sakilacustomer.org,283,1,2006-02-14 00:00:00,2006-02-15 00:00:00
279,2,Dianne,Shelton,dianne.shelton@sakilacustomer.org,284,1,2006-02-14 00:00:00,2006-02-15 00:00:00
280,2,Tracey,Barrett,tracey.barrett@sakilacustomer.org,285,1,2006-02-14 00:00:00,2006-02-15 00:00:00
281,2,Leona,Obrien,leona.obrien@sakilacustomer.org,286,1,2006-02-14 00:00:00,2006-02-15 00:00:00
282,2,Jenny,Castro,jenny.castro@sakilacustomer.org,287,1,2006-02-14 00:00:00,2006-02-15 00:00:00
283,1,Felicia,Sutton,felicia.sutton@sakilacustomer.org,288,1,2006-02-14 00:00:00,2006-02-15 00:00:00
284,1,Sonia,Gregory,sonia.gregory@sakilacustomer.org,289,1,2006-02-14 00:00:00,2006-02-15 00:00:00
285,1,Miriam,Mckinney,miriam.mckinney@sakilacustomer.org,290,1,2006-02-14 00:00:00,2006-02-15 00:00:00
286,1,Velma,Lucas,velma.lucas@sakilacustomer.org,291,1,2006-02-14 00:00:00,2006-02-15 00:00:00
287,2,Becky,Miles,becky.miles@sakilacustomer.org,292,1,2006-02-14 00:00:00,2006-02-15 00:00:00
288,1,Bobbie,Craig,bobbie.craig@sakilacustomer.org,293,1,2006-02-14 00:00:00,2006-02-15 00:00:00
289,1,Violet,Rodriquez,violet.rodriquez@sakilacustomer.org,294,1,2006-02-14 00:00:00,2006-02-15 00:00:00
290,1,Kristina,Chambers,kristina.chambers@sakilacustomer.org,295,1,2006-02-14 00:00:00,2006-02-15 00:00:00
291,1,Toni,Holt,toni.holt@sakilacustomer.org,296,1,2006-02-14 00:00:00,2006-02-15 00:00:00
292,2,Misty,Lambert,misty.lambert@sakilacustomer.org,297,1,2006-02-14 00:00:00,2006-02-15 00:00:00
293,2,Mae,Fletcher,mae.fletcher@sakilacustomer.org,298,1,2006-02-14 00:00:00,2006-02-15 00:00:00
294,2,Shelly,Watts,shelly.watts@sakilacustomer.org,299,1,2006-02-14 00:00:00,2006-02-15 00:00:00
295,1,Daisy,Bates,daisy.bates@sakilacustomer.org,300,1,2006-02-14 00:00:00,2006-02-15 00:00:00
296,2,Ramona,Hale,ramona.hale@sakilacustomer.org,301,1,2006-02-14 00:00:00,2006-02-15 00:00:00
297,1,Sherri,Rhodes,sherri.rhodes@sakilacustomer.org,302,1,2006-02-14 00:00:00,2006-02-15 00:00:00
298,1,Erika,Pena,erika.pena@sakilacustomer.org,303,1,2006-02-14 00:00:00,2006-02-15 00:00:00
299,2,James,Gannon,james.gannon@sakilacustomer.org,304,1,2006-02-14 00:00:00,2006-02-15 00:00:00
300,1,John,Farnsworth,john.farnsworth@sakilacustomer.org,305,1,2006-02-14 00:00:00,2006-02-15 00:00:00
301,2,Robert,Baughman,robert.baughman@sakilacustomer.org,306,1,2006-02-14 00:00:00,2006-02-15 00:00:00
302,1,Michael,Silverman,michael.silverman@sakilacustomer.org,307,1,2006-02-14 00:00:00,2006-02-15 00:00:00
303,2,William,Satterfield,william.satterfield@sakilacustomer.org,308,1,2006-02-14 00:00:00,2006-02-15 00:00:00
304,2,David,Royal,david.royal@sakilacustomer.org,309,1,2006-02-14 00:00:00,2006-02-15 00:00:00
305,1,Richard,Mccrary,richard.mccrary@sakilacustomer.org,310,1,2006-02-14 00:00:00,2006-02-15 00:00:00
306,1,Charles,Kowalski,charles.kowalski@sakilacustomer.org,311,1,2006-02-14 00:00:00,2006-02-15 00:00:00
307,2,Joseph,Joy,joseph.joy@sakilacustomer.org,312,1,2006-02-14 00:00:00,2006-02-15 00:00:00
308,1,Thomas,Grigsby,thomas.grigsby@sakilacustomer.org,313,1,2006-02-14 00:00:00,2006-02-15 00:00:00
309,1,Christopher,Greco,christopher.greco@sakilacustomer.org,314,1,2006-02-14 00:00:00,2006-02-15 00:00:00
310,2,Daniel,Cabral,daniel.cabral@sakilacustomer.org,315,1,2006-02-14 00:00:00,2006-02-15 00:00:00
311,2,Paul,Trout,paul.trout@sakilacustomer.org,316,1,2006-02-14 00:00:00,2006-02-15 00:00:00
312,2,Mark,Rinehart,mark.rinehart@sakilacustomer.org,317,1,2006-02-14 00:00:00,2006-02-15 00:00:00
313,2,Donald,Mahon,donald.mahon@sakilacustomer.org,318,1,2006-02-14 00:00:00,2006-02-15 00:00:00
314,1,George,Linton,george.linton@sakilacustomer.org,319,1,2006-02-14 00:00:00,2006-02-15 00:00:00
315,2,Kenneth,Gooden,kenneth.gooden@sakilacustomer.org,320,0,2006-02-14 00:00:00,2006-02-15 00:00:00
316,1,Steven,Curley,steven.curley@sakilacustomer.org,321,1,2006-02-14 00:00:00,2006-02-15 00:00:00
317,2,Edward,Baugh,edward.baugh@sakilacustomer.org,322,1,2006-02-14 00:00:00,2006-02-15 00:00:00
318,1,Brian,Wyman,brian.wyman@sakilacustomer.org,323,1,2006-02-14 00:00:00,2006-02-15 00:00:00
319,2,Ronald,Weiner,ronald.weiner@sakilacustomer.org,324,1,2006-02-14 00:00:00,2006-02-15 00:00:00
320,2,Anthony,Schwab,anthony.schwab@sakilacustomer.org,325,1,2006-02-14 00:00:00,2006-02-15 00:00:00
321,1,Kevin,Schuler,kevin.schuler@sakilacustomer.org,326,1,2006-02-14 00:00:00,2006-02-15 00:00:00
322,1,Jason,Morrissey,jason.morrissey@sakilacustomer.org,327,1,2006-02-14 00:00:00,2006-02-15 00:00:00
323,2,Matthew,Mahan,matthew.mahan@sakilacustomer.org,328,1,2006-02-14 00:00:00,2006-02-15 00:00:00
324,2,Gary,Coy,gary.coy@sakilacustomer.org,329,1,2006-02-14 00:00:00,2006-02-15 00:00:00
325,1,Timothy,Bunn,timothy.bunn@sakilacustomer.org,330,1,2006-02-14 00:00:00,2006-02-15 00:00:00
326,1,Jose,Andrew,jose.andrew@sakilacustomer.org,331,1,2006-02-14 00:00:00,2006-02-15 00:00:00
327,2,Larry,Thrasher,larry.thrasher@sakilacustomer.org,332,1,2006-02-14 00:00:00,2006-02-15 00:00:00
328,2,Jeffrey,Spear,jeffrey.spear@sakilacustomer.org,333,1,2006-02-14 00:00:00,2006-02-15 00:00:00
329,2,Frank,Waggoner,frank.waggoner@sakilacustomer.org,334,1,2006-02-14 00:00:00,2006-02-15 00:00:00
330,1,Scott,Shelley,scott.shelley@sakilacustomer.org,335,1,2006-02-14 00:00:00,2006-02-15 00:00:00
331,1,Eric,Robert,eric.robert@sakilacustomer.org,336,1,2006-02-14 00:00:00,2006-02-15 00:00:00
332,1,Stephen,Qualls,stephen.qualls@sakilacustomer.org,337,1,2006-02-14 00:00:00,2006-02-15 00:00:00
333,2,Andrew,Purdy,andrew.purdy@sakilacustomer.org,338,1,2006-02-14 00:00:00,2006-02-15 00:00:00
334,2,Raymond,Mcwhorter,raymond.mcwhorter@sakilacustomer.org,339,1,2006-02-14 00:00:00,2006-02-15 00:00:00
335,1,Gregory,Mauldin,gregory.mauldin@sakilacustomer.org,340,1,2006-02-14 00:00:00,2006-02-15 00:00:00
336,1,Joshua,Mark,joshua.mark@sakilacustomer.org,341,1,2006-02-14 00:00:00,2006-02-15 00:00:00
337,1,Jerry,Jordon,jerry.jordon@sakilacustomer.org,342,1,2006-02-14 00:00:00,2006-02-15 00:00:00
338,1,Dennis,Gilman,dennis.gilman@sakilacustomer.org,343,1,2006-02-14 00:00:00,2006-02-15 00:00:00
339,2,Walter,Perryman,walter.perryman@sakilacustomer.org,344,1,2006-02-14 00:00:00,2006-02-15 00:00:00
340,1,Patrick,Newsom,patrick.newsom@sakilacustomer.org,345,1,2006-02-14 00:00:00,2006-02-15 00:00:00
341,1,Peter,Menard,peter.menard@sakilacustomer.org,346,1,2006-02-14 00:00:00,2006-02-15 00:00:00
342,1,Harold,Martino,harold.martino@sakilacustomer.org,347,1,2006-02-14 00:00:00,2006-02-15 00:00:00
343,1,Douglas,Graf,douglas.graf@sakilacustomer.org,348,1,2006-02-14 00:00:00,2006-02-15 00:00:00
344,1,Henry,Billingsley,henry.billingsley@sakilacustomer.org,349,1,2006-02-14 00:00:00,2006-02-15 00:00:00
345,1,Carl,Artis,carl.artis@sakilacustomer.org,350,1,2006-02-14 00:00:00,2006-02-15 00:00:00
346,1,Arthur,Simpkins,arthur.simpkins@sakilacustomer.org,351,1,2006-02-14 00:00:00,2006-02-15 00:00:00
347,2,Ryan,Salisbury,ryan.salisbury@sakilacustomer.org,352,1,2006-02-14 00:00:00,2006-02-15 00:00:00
348,2,Roger,Quintanilla,roger.quintanilla@sakilacustomer.org,353,1,2006-02-14 00:00:00,2006-02-15 00:00:00
349,2,Joe,Gilliland,joe.gilliland@sakilacustomer.org,354,1,2006-02-14 00:00:00,2006-02-15 00:00:00
350,1,Juan,Fraley,juan.fraley@sakilacustomer.org,355,1,2006-02-14 00:00:00,2006-02-15 00:00:00
351,1,Jack,Foust,jack.foust@sakilacustomer.org,356,1,2006-02-14 00:00:00,2006-02-15 00:00:00
352,1,Albert,Crouse,albert.crouse@sakilacustomer.org,357,1,2006-02-14 00:00:00,2006-02-15 00:00:00
353,1,Jonathan,Scarborough,jonathan.scarborough@sakilacustomer.org,358,1,2006-02-14 00:00:00,2006-02-15 00:00:00
354,2,Justin,Ngo,justin.ngo@sakilacustomer.org,359,1,2006-02-14 00:00:00,2006-02-15 00:00:00
355,2,Terry,Grissom,terry.grissom@sakilacustomer.org,360,1,2006-02-14 00:00:00,2006-02-15 00:00:00
356,2,Gerald,Fultz,gerald.fultz@sakilacustomer.org,361,1,2006-02-14 00:00:00,2006-02-15 00:00:00
357,1,Keith,Rico,keith.rico@sakilacustomer.org,362,1,2006-02-14 00:00:00,2006-02-15 00:00:00
358,2,Samuel,Marlow,samuel.marlow@sakilacustomer.org,363,1,2006-02-14 00:00:00,2006-02-15 00:00:00
359,2,Willie,Markham,willie.markham@sakilacustomer.org,364,1,2006-02-14 00:00:00,2006-02-15 00:00:00
360,2,Ralph,Madrigal,ralph.madrigal@sakilacustomer.org,365,1,2006-02-14 00:00:00,2006-02-15 00:00:00
361,2,Lawrence,Lawton,lawrence.lawton@sakilacustomer.org,366,1,2006-02-14 00:00:00,2006-02-15 00:00:00
362,1,Nicholas,Barfield,nicholas.barfield@sakilacustomer.org,367,1,2006-02-14 00:00:00,2006-02-15 00:00:00
363,2,Roy,Whiting,roy.whiting@sakilacustomer.org,368,1,2006-02-14 00:00:00,2006-02-15 00:00:00
364,1,Benjamin,Varney,benjamin.varney@sakilacustomer.org,369,1,2006-02-14 00:00:00,2006-02-15 00:00:00
365,2,Bruce,Schwarz,bruce.schwarz@sakilacustomer.org,370,1,2006-02-14 00:00:00,2006-02-15 00:00:00
366,1,Brandon,Huey,brandon.huey@sakilacustomer.org,371,1,2006-02-14 00:00:00,2006-02-15 00:00:00
367,1,Adam,Gooch,adam.gooch@sakilacustomer.org,372,1,2006-02-14 00:00:00,2006-02-15 00:00:00
368,1,Harry,Arce,harry.arce@sakilacustomer.org,373,0,2006-02-14 00:00:00,2006-02-15 00:00:00
369,2,Fred,Wheat,fred.wheat@sakilacustomer.org,374,1,2006-02-14 00:00:00,2006-02-15 00:00:00
370,2,Wayne,Truong,wayne.truong@sakilacustomer.org,375,1,2006-02-14 00:00:00,2006-02-15 00:00:00
371,1,Billy,Poulin,billy.poulin@sakilacustomer.org,376,1,2006-02-14 00:00:00,2006-02-15 00:00:00
372,2,Steve,Mackenzie,steve.mackenzie@sakilacustomer.org,377,1,2006-02-14 00:00:00,2006-02-15 00:00:00
373,1,Louis,Leone,louis.leone@sakilacustomer.org,378,1,2006-02-14 00:00:00,2006-02-15 00:00:00
374,2,Jeremy,Hurtado,jeremy.hurtado@sakilacustomer.org,379,1,2006-02-14 00:00:00,2006-02-15 00:00:00
375,2,Aaron,Selby,aaron.selby@sakilacustomer.org,380,1,2006-02-14 00:00:00,2006-02-15 00:00:00
376,1,Randy,Gaither,randy.gaither@sakilacustomer.org,381,1,2006-02-14 00:00:00,2006-02-15 00:00:00
377,1,Howard,Fortner,howard.fortner@sakilacustomer.org,382,1,2006-02-14 00:00:00,2006-02-15 00:00:00
378,1,Eugene,Culpepper,eugene.culpepper@sakilacustomer.org,383,1,2006-02-14 00:00:00,2006-02-15 00:00:00
379,1,Carlos,Coughlin,carlos.coughlin@sakilacustomer.org,384,1,2006-02-14 00:00:00,2006-02-15 00:00:00
380,1,Russell,Brinson,russell.brinson@sakilacustomer.org,385,1,2006-02-14 00:00:00,2006-02-15 00:00:00
381,2,Bobby,Boudreau,bobby.boudreau@sakilacustomer.org,386,1,2006-02-14 00:00:00,2006-02-15 00:00:00
382,2,Victor,Barkley,victor.barkley@sakilacustomer.org,387,1,2006-02-14 00:00:00,2006-02-15 00:00:00
383,1,Martin,Bales,martin.bales@sakilacustomer.org,388,1,2006-02-14 00:00:00,2006-02-15 00:00:00
384,2,Ernest,Stepp,ernest.stepp@sakilacustomer.org,389,1,2006-02-14 00:00:00,2006-02-15 00:00:00
385,1,Phillip,Holm,phillip.holm@sakilacustomer.org,390,1,2006-02-14 00:00:00,2006-02-15 00:00:00
386,1,Todd,Tan,todd.tan@sakilacustomer.org,391,1,2006-02-14 00:00:00,2006-02-15 00:00:00
387,2,Jesse,Schilling,jesse.schilling@sakilacustomer.org,392,1,2006-02-14 00:00:00,2006-02-15 00:00:00
388,2,Craig,Morrell,craig.morrell@sakilacustomer.org,393,1,2006-02-14 00:00:00,2006-02-15 00:00:00
389,1,Alan,Kahn,alan.kahn@sakilacustomer.org,394,1,2006-02-14 00:00:00,2006-02-15 00:00:00
390,1,Shawn,Heaton,shawn.heaton@sakilacustomer.org,395,1,2006-02-14 00:00:00,2006-02-15 00:00:00
391,1,Clarence,Gamez,clarence.gamez@sakilacustomer.org,396,1,2006-02-14 00:00:00,2006-02-15 00:00:00
392,2,Sean,Douglass,sean.douglass@sakilacustomer.org,397,1,2006-02-14 00:00:00,2006-02-15 00:00:00
393,1,Philip,Causey,philip.causey@sakilacustomer.org,398,1,2006-02-14 00:00:00,2006-02-15 00:00:00
394,2,Chris,Brothers,chris.brothers@sakilacustomer.org,399,1,2006-02-14 00:00:00,2006-02-15 00:00:00
395,2,Johnny,Turpin,johnny.turpin@sakilacustomer.org,400,1,2006-02-14 00:00:00,2006-02-15 00:00:00
396,1,Earl,Shanks,earl.shanks@sakilacustomer.org,401,1,2006-02-14 00:00:00,2006-02-15 00:00:00
397,1,Jimmy,Schrader,jimmy.schrader@sakilacustomer.org,402,1,2006-02-14 00:00:00,2006-02-15 00:00:00
398,1,Antonio,Meek,antonio.meek@sakilacustomer.org,403,1,2006-02-14 00:00:00,2006-02-15 00:00:00
399,1,Danny,Isom,danny.isom@sakilacustomer.org,404,1,2006-02-14 00:00:00,2006-02-15 00:00:00
400,2,Bryan,Hardison,bryan.hardison@sakilacustomer.org,405,1,2006-02-14 00:00:00,2006-02-15 00:00:00
401,2,Tony,Carranza,tony.carranza@sakilacustomer.org,406,1,2006-02-14 00:00:00,2006-02-15 00:00:00
402,1,Luis,Yanez,luis.yanez@sakilacustomer.org,407,1,2006-02-14 00:00:00,2006-02-15 00:00:00
403,1,Mike,Way,mike.way@sakilacustomer.org,408,1,2006-02-14 00:00:00,2006-02-15 00:00:00
404,2,Stanley,Scroggins,stanley.scroggins@sakilacustomer.org,409,1,2006-02-14 00:00:00,2006-02-15 00:00:00
405,1,Leonard,Schofield,leonard.schofield@sakilacustomer.org,410,1,2006-02-14 00:00:00,2006-02-15 00:00:00
406,1,Nathan,Runyon,nathan.runyon@sakilacustomer.org,411,0,2006-02-14 00:00:00,2006-02-15 00:00:00
407,1,Dale,Ratcliff,dale.ratcliff@sakilacustomer.org,412,1,2006-02-14 00:00:00,2006-02-15 00:00:00
408,1,Manuel,Murrell,manuel.murrell@sakilacustomer.org,413,1,2006-02-14 00:00:00,2006-02-15 00:00:00
409,2,Rodney,Moeller,rodney.moeller@sakilacustomer.org,414,1,2006-02-14 00:00:00,2006-02-15 00:00:00
410,2,Curtis,Irby,curtis.irby@sakilacustomer.org,415,1,2006-02-14 00:00:00,2006-02-15 00:00:00
411,1,Norman,Currier,norman.currier@sakilacustomer.org,416,1,2006-02-14 00:00:00,2006-02-15 00:00:00
412,2,Allen,Butterfield,allen.butterfield@sakilacustomer.org,417,1,2006-02-14 00:00:00,2006-02-15 00:00:00
413,2,Marvin,Yee,marvin.yee@sakilacustomer.org,418,1,2006-02-14 00:00:00,2006-02-15 00:00:00
414,1,Vincent,Ralston,vincent.ralston@sakilacustomer.org,419,1,2006-02-14 00:00:00,2006-02-15 00:00:00
415,1,Glenn,Pullen,glenn.pullen@sakilacustomer.org,420,1,2006-02-14 00:00:00,2006-02-15 00:00:00
416,2,Jeffery,Pinson,jeffery.pinson@sakilacustomer.org,421,1,2006-02-14 00:00:00,2006-02-15 00:00:00
417,1,Travis,Estep,travis.estep@sakilacustomer.org,422,1,2006-02-14 00:00:00,2006-02-15 00:00:00
418,2,Jeff,East,jeff.east@sakilacustomer.org,423,1,2006-02-14 00:00:00,2006-02-15 00:00:00
419,1,Chad,Carbone,chad.carbone@sakilacustomer.org,424,1,2006-02-14 00:00:00,2006-02-15 00:00:00
420,1,Jacob,Lance,jacob.lance@sakilacustomer.org,425,1,2006-02-14 00:00:00,2006-02-15 00:00:00
421,1,Lee,Hawks,lee.hawks@sakilacustomer.org,426,1,2006-02-14 00:00:00,2006-02-15 00:00:00
422,1,Melvin,Ellington,melvin.ellington@sakilacustomer.org,427,1,2006-02-14 00:00:00,2006-02-15 00:00:00
423,2,Alfred,Casillas,alfred.casillas@sakilacustomer.org,428,1,2006-02-14 00:00:00,2006-02-15 00:00:00
424,2,Kyle,Spurlock,kyle.spurlock@sakilacustomer.org,429,1,2006-02-14 00:00:00,2006-02-15 00:00:00
425,2,Francis,Sikes,francis.sikes@sakilacustomer.org,430,1,2006-02-14 00:00:00,2006-02-15 00:00:00
426,1,Bradley,Motley,bradley.motley@sakilacustomer.org,431,1,2006-02-14 00:00:00,2006-02-15 00:00:00
427,2,Jesus,Mccartney,jesus.mccartney@sakilacustomer.org,432,1,2006-02-14 00:00:00,2006-02-15 00:00:00
428,2,Herbert,Kruger,herbert.kruger@sakilacustomer.org,433,1,2006-02-14 00:00:00,2006-02-15 00:00:00
429,2,Frederick,Isbell,frederick.isbell@sakilacustomer.org,434,1,2006-02-14 00:00:00,2006-02-15 00:00:00
430,1,Ray,Houle,ray.houle@sakilacustomer.org,435,1,2006-02-14 00:00:00,2006-02-15 00:00:00
431,2,Joel,Francisco,joel.francisco@sakilacustomer.org,436,1,2006-02-14 00:00:00,2006-02-15 00:00:00
432,1,Edwin,Burk,edwin.burk@sakilacustomer.org,437,1,2006-02-14 00:00:00,2006-02-15 00:00:00
433,1,Don,Bone,don.bone@sakilacustomer.org,438,1,2006-02-14 00:00:00,2006-02-15 00:00:00
434,1,Eddie,Tomlin,eddie.tomlin@sakilacustomer.org,439,1,2006-02-14 00:00:00,2006-02-15 00:00:00
435,2,Ricky,Shelby,ricky.shelby@sakilacustomer.org,440,1,2006-02-14 00:00:00,2006-02-15 00:00:00
436,1,Troy,Quigley,troy.quigley@sakilacustomer.org,441,1,2006-02-14 00:00:00,2006-02-15 00:00:00
437,2,Randall,Neumann,randall.neumann@sakilacustomer.org,442,1,2006-02-14 00:00:00,2006-02-15 00:00:00
438,1,Barry,Lovelace,barry.lovelace@sakilacustomer.org,443,1,2006-02-14 00:00:00,2006-02-15 00:00:00
439,2,Alexander,Fennell,alexander.fennell@sakilacustomer.org,444,1,2006-02-14 00:00:00,2006-02-15 00:00:00
440,1,Bernard,Colby,bernard.colby@sakilacustomer.org,445,1,2006-02-14 00:00:00,2006-02-15 00:00:00
441,1,Mario,Cheatham,mario.cheatham@sakilacustomer.org,446,1,2006-02-14 00:00:00,2006-02-15 00:00:00
442,1,Leroy,Bustamante,leroy.bustamante@sakilacustomer.org,447,1,2006-02-14 00:00:00,2006-02-15 00:00:00
443,2,Francisco,Skidmore,francisco.skidmore@sakilacustomer.org,448,1,2006-02-14 00:00:00,2006-02-15 00:00:00
444,2,Marcus,Hidalgo,marcus.hidalgo@sakilacustomer.org,449,1,2006-02-14 00:00:00,2006-02-15 00:00:00
445,1,Micheal,Forman,micheal.forman@sakilacustomer.org,450,1,2006-02-14 00:00:00,2006-02-15 00:00:00
446,2,Theodore,Culp,theodore.culp@sakilacustomer.org,451,0,2006-02-14 00:00:00,2006-02-15 00:00:00
447,1,Clifford,Bowens,clifford.bowens@sakilacustomer.org,452,1,2006-02-14 00:00:00,2006-02-15 00:00:00
448,1,Miguel,Betancourt,miguel.betancourt@sakilacustomer.org,453,1,2006-02-14 00:00:00,2006-02-15 00:00:00
449,2,Oscar,Aquino,oscar.aquino@sakilacustomer.org,454,1,2006-02-14 00:00:00,2006-02-15 00:00:00
450,1,Jay,Robb,jay.robb@sakilacustomer.org,455,1,2006-02-14 00:00:00,2006-02-15 00:00:00
451,1,Jim,Rea,jim.rea@sakilacustomer.org,456,1,2006-02-14 00:00:00,2006-02-15 00:00:00
452,1,Tom,Milner,tom.milner@sakilacustomer.org,457,1,2006-02-14 00:00:00,2006-02-15 00:00:00
453,1,Calvin,Martel,calvin.martel@sakilacustomer.org,458,1,2006-02-14 00:00:00,2006-02-15 00:00:00
454,2,Alex,Gresham,alex.gresham@sakilacustomer.org,459,1,2006-02-14 00:00:00,2006-02-15 00:00:00
455,2,Jon,Wiles,jon.wiles@sakilacustomer.org,460,1,2006-02-14 00:00:00,2006-02-15 00:00:00
456,2,Ronnie,Ricketts,ronnie.ricketts@sakilacustomer.org,461,1,2006-02-14 00:00:00,2006-02-15 00:00:00
457,2,Bill,Gavin,bill.gavin@sakilacustomer.org,462,1,2006-02-14 00:00:00,2006-02-15 00:00:00
458,1,Lloyd,Dowd,lloyd.dowd@sakilacustomer.org,463,1,2006-02-14 00:00:00,2006-02-15 00:00:00
459,1,Tommy,Collazo,tommy.collazo@sakilacustomer.org,464,1,2006-02-14 00:00:00,2006-02-15 00:00:00
460,1,Leon,Bostic,leon.bostic@sakilacustomer.org,465,1,2006-02-14 00:00:00,2006-02-15 00:00:00
461,1,Derek,Blakely,derek.blakely@sakilacustomer.org,466,1,2006-02-14 00:00:00,2006-02-15 00:00:00
462,2,Warren,Sherrod,warren.sherrod@sakilacustomer.org,467,1,2006-02-14 00:00:00,2006-02-15 00:00:00
463,2,Darrell,Power,darrell.power@sakilacustomer.org,468,1,2006-02-14 00:00:00,2006-02-15 00:00:00
464,1,Jerome,Kenyon,jerome.kenyon@sakilacustomer.org,469,1,2006-02-14 00:00:00,2006-02-15 00:00:00
465,1,Floyd,Gandy,floyd.gandy@sakilacustomer.org,470,1,2006-02-14 00:00:00,2006-02-15 00:00:00
466,1,Leo,Ebert,leo.ebert@sakilacustomer.org,471,1,2006-02-14 00:00:00,2006-02-15 00:00:00
467,2,Alvin,Deloach,alvin.deloach@sakilacustomer.org,472,1,2006-02-14 00:00:00,2006-02-15 00:00:00
468,1,Tim,Cary,tim.cary@sakilacustomer.org,473,1,2006-02-14 00:00:00,2006-02-15 00:00:00
469,2,Wesley,Bull,wesley.bull@sakilacustomer.org,474,1,2006-02-14 00:00:00,2006-02-15 00:00:00
470,1,Gordon,Allard,gordon.allard@sakilacustomer.org,475,1,2006-02-14 00:00:00,2006-02-15 00:00:00
471,1,Dean,Sauer,dean.sauer@sakilacustomer.org,476,1,2006-02-14 00:00:00,2006-02-15 00:00:00
472,1,Greg,Robins,greg.robins@sakilacustomer.org,477,1,2006-02-14 00:00:00,2006-02-15 00:00:00
473,2,Jorge,Olivares,jorge.olivares@sakilacustomer.org,478,1,2006-02-14 00:00:00,2006-02-15 00:00:00
474,2,Dustin,Gillette,dustin.gillette@sakilacustomer.org,479,1,2006-02-14 00:00:00,2006-02-15 00:00:00
475,2,Pedro,Chestnut,pedro.chestnut@sakilacustomer.org,480,1,2006-02-14 00:00:00,2006-02-15 00:00:00
476,1,Derrick,Bourque,derrick.bourque@sakilacustomer.org,481,1,2006-02-14 00:00:00,2006-02-15 00:00:00
477,1,Dan,Paine,dan.paine@sakilacustomer.org,482,1,2006-02-14 00:00:00,2006-02-15 00:00:00
478,1,Lewis,Lyman,lewis.lyman@sakilacustomer.org,483,1,2006-02-14 00:00:00,2006-02-15 00:00:00
479,1,Zachary,Hite,zachary.hite@sakilacustomer.org,484,1,2006-02-14 00:00:00,2006-02-15 00:00:00
480,1,Corey,Hauser,corey.hauser@sakilacustomer.org,485,1,2006-02-14 00:00:00,2006-02-15 00:00:00
481,1,Herman,Devore,herman.devore@sakilacustomer.org,486,1,2006-02-14 00:00:00,2006-02-15 00:00:00
482,1,Maurice,Crawley,maurice.crawley@sakilacustomer.org,487,0,2006-02-14 00:00:00,2006-02-15 00:00:00
483,2,Vernon,Chapa,vernon.chapa@sakilacustomer.org,488,1,2006-02-14 00:00:00,2006-02-15 00:00:00
484,1,Roberto,Vu,roberto.vu@sakilacustomer.org,489,1,2006-02-14 00:00:00,2006-02-15 00:00:00
485,1,Clyde,Tobias,clyde.tobias@sakilacustomer.org,490,1,2006-02-14 00:00:00,2006-02-15 00:00:00
486,1,Glen,Talbert,glen.talbert@sakilacustomer.org,491,1,2006-02-14 00:00:00,2006-02-15 00:00:00
487,2,Hector,Poindexter,hector.poindexter@sakilacustomer.org,492,1,2006-02-14 00:00:00,2006-02-15 00:00:00
488,2,Shane,Millard,shane.millard@sakilacustomer.org,493,1,2006-02-14 00:00:00,2006-02-15 00:00:00
489,1,Ricardo,Meador,ricardo.meador@sakilacustomer.org,494,1,2006-02-14 00:00:00,2006-02-15 00:00:00
490,1,Sam,Mcduffie,sam.mcduffie@sakilacustomer.org,495,1,2006-02-14 00:00:00,2006-02-15 00:00:00
491,2,Rick,Mattox,rick.mattox@sakilacustomer.org,496,1,2006-02-14 00:00:00,2006-02-15 00:00:00
492,2,Lester,Kraus,lester.kraus@sakilacustomer.org,497,1,2006-02-14 00:00:00,2006-02-15 00:00:00
493,1,Brent,Harkins,brent.harkins@sakilacustomer.org,498,1,2006-02-14 00:00:00,2006-02-15 00:00:00
494,2,Ramon,Choate,ramon.choate@sakilacustomer.org,499,1,2006-02-14 00:00:00,2006-02-15 00:00:00
495,2,Charlie,Bess,charlie.bess@sakilacustomer.org,500,1,2006-02-14 00:00:00,2006-02-15 00:00:00
496,2,Tyler,Wren,tyler.wren@sakilacustomer.org,501,1,2006-02-14 00:00:00,2006-02-15 00:00:00
497,2,Gilbert,Sledge,gilbert.sledge@sakilacustomer.org,502,1,2006-02-14 00:00:00,2006-02-15 00:00:00
498,1,Gene,Sanborn,gene.sanborn@sakilacustomer.org,503,1,2006-02-14 00:00:00,2006-02-15 00:00:00
499,2,Marc,Outlaw,marc.outlaw@sakilacustomer.org,504,1,2006-02-14 00:00:00,2006-02-15 00:00:00
500,1,Reginald,Kinder,reginald.kinder@sakilacustomer.org,505,1,2006-02-14 00:00:00,2006-02-15 00:00:00
501,1,Ruben,Geary,ruben.geary@sakilacustomer.org,506,1,2006-02-14 00:00:00,2006-02-15 00:00:00
502,1,Brett,Cornwell,brett.cornwell@sakilacustomer.org,507,1,2006-02-14 00:00:00,2006-02-15 00:00:00
503,1,Angel,Barclay,angel.barclay@sakilacustomer.org,508,1,2006-02-14 00:00:00,2006-02-15 00:00:00
504,1,Nathaniel,Adam,nathaniel.adam@sakilacustomer.org,509,1,2006-02-14 00:00:00,2006-02-15 00:00:00
505,1,Rafael,Abney,rafael.abney@sakilacustomer.org,510,1,2006-02-14 00:00:00,2006-02-15 00:00:00
506,2,Leslie,Seward,leslie.seward@sakilacustomer.org,511,1,2006-02-14 00:00:00,2006-02-15 00:00:00
507,2,Edgar,Rhoads,edgar.rhoads@sakilacustomer.org,512,1,2006-02-14 00:00:00,2006-02-15 00:00:00
508,2,Milton,Howland,milton.howland@sakilacustomer.org,513,1,2006-02-14 00:00:00,2006-02-15 00:00:00
509,1,Raul,Fortier,raul.fortier@sakilacustomer.org,514,1,2006-02-14 00:00:00,2006-02-15 00:00:00
510,2,Ben,Easter,ben.easter@sakilacustomer.org,515,0,2006-02-14 00:00:00,2006-02-15 00:00:00
511,1,Chester,Benner,chester.benner@sakilacustomer.org,516,1,2006-02-14 00:00:00,2006-02-15 00:00:00
512,1,Cecil,Vines,cecil.vines@sakilacustomer.org,517,1,2006-02-14 00:00:00,2006-02-15 00:00:00
513,2,Duane,Tubbs,duane.tubbs@sakilacustomer.org,519,1,2006-02-14 00:00:00,2006-02-15 00:00:00
514,2,Franklin,Troutman,franklin.troutman@sakilacustomer.org,520,1,2006-02-14 00:00:00,2006-02-15 00:00:00
515,1,Andre,Rapp,andre.rapp@sakilacustomer.org,521,1,2006-02-14 00:00:00,2006-02-15 00:00:00
516,2,Elmer,Noe,elmer.noe@sakilacustomer.org,522,1,2006-02-14 00:00:00,2006-02-15 00:00:00
517,2,Brad,Mccurdy,brad.mccurdy@sakilacustomer.org,523,1,2006-02-14 00:00:00,2006-02-15 00:00:00
518,1,Gabriel,Harder,gabriel.harder@sakilacustomer.org,524,1,2006-02-14 00:00:00,2006-02-15 00:00:00
519,2,Ron,Deluca,ron.deluca@sakilacustomer.org,525,1,2006-02-14 00:00:00,2006-02-15 00:00:00
520,2,Mitchell,Westmoreland,mitchell.westmoreland@sakilacustomer.org,526,1,2006-02-14 00:00:00,2006-02-15 00:00:00
521,2,Roland,South,roland.south@sakilacustomer.org,527,1,2006-02-14 00:00:00,2006-02-15 00:00:00
522,2,Arnold,Havens,arnold.havens@sakilacustomer.org,528,1,2006-02-14 00:00:00,2006-02-15 00:00:00
523,1,Harvey,Guajardo,harvey.guajardo@sakilacustomer.org,529,1,2006-02-14 00:00:00,2006-02-15 00:00:00
524,1,Jared,Ely,jared.ely@sakilacustomer.org,530,1,2006-02-14 00:00:00,2006-02-15 00:00:00
525,2,Adrian,Clary,adrian.clary@sakilacustomer.org,531,1,2006-02-14 00:00:00,2006-02-15 00:00:00
526,2,Karl,Seal,karl.seal@sakilacustomer.org,532,1,2006-02-14 00:00:00,2006-02-15 00:00:00
527,1,Cory,Meehan,cory.meehan@sakilacustomer.org,533,1,2006-02-14 00:00:00,2006-02-15 00:00:00
528,1,Claude,Herzog,claude.herzog@sakilacustomer.org,534,1,2006-02-14 00:00:00,2006-02-15 00:00:00
529,2,Erik,Guillen,erik.guillen@sakilacustomer.org,535,1,2006-02-14 00:00:00,2006-02-15 00:00:00
530,2,Darryl,Ashcraft,darryl.ashcraft@sakilacustomer.org,536,1,2006-02-14 00:00:00,2006-02-15 00:00:00
531,2,Jamie,Waugh,jamie.waugh@sakilacustomer.org,537,1,2006-02-14 00:00:00,2006-02-15 00:00:00
532,2,Neil,Renner,neil.renner@sakilacustomer.org,538,1,2006-02-14 00:00:00,2006-02-15 00:00:00
533,1,Jessie,Milam,jessie.milam@sakilacustomer.org,539,1,2006-02-14 00:00:00,2006-02-15 00:00:00
534,1,Christian,Jung,christian.jung@sakilacustomer.org,540,0,2006-02-14 00:00:00,2006-02-15 00:00:00
535,1,Javier,Elrod,javier.elrod@sakilacustomer.org,541,1,2006-02-14 00:00:00,2006-02-15 00:00:00
536,2,Fernando,Churchill,fernando.churchill@sakilacustomer.org,542,1,2006-02-14 00:00:00,2006-02-15 00:00:00
537,2,Clinton,Buford,clinton.buford@sakilacustomer.org,543,1,2006-02-14 00:00:00,2006-02-15 00:00:00
538,2,Ted,Breaux,ted.breaux@sakilacustomer.org,544,1,2006-02-14 00:00:00,2006-02-15 00:00:00
539,1,Mathew,Bolin,mathew.bolin@sakilacustomer.org,545,1,2006-02-14 00:00:00,2006-02-15 00:00:00
540,1,Tyrone,Asher,tyrone.asher@sakilacustomer.org,546,1,2006-02-14 00:00:00,2006-02-15 00:00:00
541,2,Darren,Windham,darren.windham@sakilacustomer.org,547,1,2006-02-14 00:00:00,2006-02-15 00:00:00
542,2,Lonnie,Tirado,lonnie.tirado@sakilacustomer.org,548,1,2006-02-14 00:00:00,2006-02-15 00:00:00
543,1,Lance,Pemberton,lance.pemberton@sakilacustomer.org,549,1,2006-02-14 00:00:00,2006-02-15 00:00:00
544,2,Cody,Nolen,cody.nolen@sakilacustomer.org,550,1,2006-02-14 00:00:00,2006-02-15 00:00:00
545,2,Julio,Noland,julio.noland@sakilacustomer.org,551,1,2006-02-14 00:00:00,2006-02-15 00:00:00
546,1,Kelly,Knott,kelly.knott@sakilacustomer.org,552,1,2006-02-14 00:00:00,2006-02-15 00:00:00
547,1,Kurt,Emmons,kurt.emmons@sakilacustomer.org,553,1,2006-02-14 00:00:00,2006-02-15 00:00:00
548,1,Allan,Cornish,allan.cornish@sakilacustomer.org,554,1,2006-02-14 00:00:00,2006-02-15 00:00:00
549,1,Nelson,Christenson,nelson.christenson@sakilacustomer.org,555,1,2006-02-14 00:00:00,2006-02-15 00:00:00
550,2,Guy,Brownlee,guy.brownlee@sakilacustomer.org,556,1,2006-02-14 00:00:00,2006-02-15 00:00:00
551,2,Clayton,Barbee,clayton.barbee@sakilacustomer.org,557,1,2006-02-14 00:00:00,2006-02-15 00:00:00
552,2,Hugh,Waldrop,hugh.waldrop@sakilacustomer.org,558,1,2006-02-14 00:00:00,2006-02-15 00:00:00
553,1,Max,Pitt,max.pitt@sakilacustomer.org,559,1,2006-02-14 00:00:00,2006-02-15 00:00:00
554,1,Dwayne,Olvera,dwayne.olvera@sakilacustomer.org,560,1,2006-02-14 00:00:00,2006-02-15 00:00:00
555,1,Dwight,Lombardi,dwight.lombardi@sakilacustomer.org,561,1,2006-02-14 00:00:00,2006-02-15 00:00:00
556,2,Armando,Gruber,armando.gruber@sakilacustomer.org,562,1,2006-02-14 00:00:00,2006-02-15 00:00:00
557,1,Felix,Gaffney,felix.gaffney@sakilacustomer.org,563,1,2006-02-14 00:00:00,2006-02-15 00:00:00
558,1,Jimmie,Eggleston,jimmie.eggleston@sakilacustomer.org,564,0,2006-02-14 00:00:00,2006-02-15 00:00:00
559,2,Everett,Banda,everett.banda@sakilacustomer.org,565,1,2006-02-14 00:00:00,2006-02-15 00:00:00
560,1,Jordan,Archuleta,jordan.archuleta@sakilacustomer.org,566,1,2006-02-14 00:00:00,2006-02-15 00:00:00
561,2,Ian,Still,ian.still@sakilacustomer.org,567,1,2006-02-14 00:00:00,2006-02-15 00:00:00
562,1,Wallace,Slone,wallace.slone@sakilacustomer.org,568,1,2006-02-14 00:00:00,2006-02-15 00:00:00
563,2,Ken,Prewitt,ken.prewitt@sakilacustomer.org,569,1,2006-02-14 00:00:00,2006-02-15 00:00:00
564,2,Bob,Pfeiffer,bob.pfeiffer@sakilacustomer.org,570,1,2006-02-14 00:00:00,2006-02-15 00:00:00
565,2,Jaime,Nettles,jaime.nettles@sakilacustomer.org,571,1,2006-02-14 00:00:00,2006-02-15 00:00:00
566,1,Casey,Mena,casey.mena@sakilacustomer.org,572,1,2006-02-14 00:00:00,2006-02-15 00:00:00
567,2,Alfredo,Mcadams,alfredo.mcadams@sakilacustomer.org,573,1,2006-02-14 00:00:00,2006-02-15 00:00:00
568,2,Alberto,Henning,alberto.henning@sakilacustomer.org,574,1,2006-02-14 00:00:00,2006-02-15 00:00:00
569,2,Dave,Gardiner,dave.gardiner@sakilacustomer.org,575,1,2006-02-14 00:00:00,2006-02-15 00:00:00
570,2,Ivan,Cromwell,ivan.cromwell@sakilacustomer.org,576,1,2006-02-14 00:00:00,2006-02-15 00:00:00
571,2,Johnnie,Chisholm,johnnie.chisholm@sakilacustomer.org,577,1,2006-02-14 00:00:00,2006-02-15 00:00:00
572,1,Sidney,Burleson,sidney.burleson@sakilacustomer.org,578,1,2006-02-14 00:00:00,2006-02-15 00:00:00
573,1,Byron,Box,byron.box@sakilacustomer.org,579,1,2006-02-14 00:00:00,2006-02-15 00:00:00
574,2,Julian,Vest,julian.vest@sakilacustomer.org,580,1,2006-02-14 00:00:00,2006-02-15 00:00:00
575,2,Isaac,Oglesby,isaac.oglesby@sakilacustomer.org,581,1,2006-02-14 00:00:00,2006-02-15 00:00:00
576,2,Morris,Mccarter,morris.mccarter@sakilacustomer.org,582,1,2006-02-14 00:00:00,2006-02-15 00:00:00
577,2,Clifton,Malcolm,clifton.malcolm@sakilacustomer.org,583,1,2006-02-14 00:00:00,2006-02-15 00:00:00
578,2,Willard,Lumpkin,willard.lumpkin@sakilacustomer.org,584,1,2006-02-14 00:00:00,2006-02-15 00:00:00
579,2,Daryl,Larue,daryl.larue@sakilacustomer.org,585,1,2006-02-14 00:00:00,2006-02-15 00:00:00
580,1,Ross,Grey,ross.grey@sakilacustomer.org,586,1,2006-02-14 00:00:00,2006-02-15 00:00:00
581,1,Virgil,Wofford,virgil.wofford@sakilacustomer.org,587,1,2006-02-14 00:00:00,2006-02-15 00:00:00
582,2,Andy,Vanhorn,andy.vanhorn@sakilacustomer.org,588,1,2006-02-14 00:00:00,2006-02-15 00:00:00
583,1,Marshall,Thorn,marshall.thorn@sakilacustomer.org,589,1,2006-02-14 00:00:00,2006-02-15 00:00:00
584,2,Salvador,Teel,salvador.teel@sakilacustomer.org,590,1,2006-02-14 00:00:00,2006-02-15 00:00:00
585,1,Perry,Swafford,perry.swafford@sakilacustomer.org,591,1,2006-02-14 00:00:00,2006-02-15 00:00:00
586,1,Kirk,Stclair,kirk.stclair@sakilacustomer.org,592,1,2006-02-14 00:00:00,2006-02-15 00:00:00
587,1,Sergio,Stanfield,sergio.stanfield@sakilacustomer.org,593,1,2006-02-14 00:00:00,2006-02-15 00:00:00
588,1,Marion,Ocampo,marion.ocampo@sakilacustomer.org,594,1,2006-02-14 00:00:00,2006-02-15 00:00:00
589,1,Tracy,Herrmann,tracy.herrmann@sakilacustomer.org,595,1,2006-02-14 00:00:00,2006-02-15 00:00:00
590,2,Seth,Hannon,seth.hannon@sakilacustomer.org,596,1,2006-02-14 00:00:00,2006-02-15 00:00:00
591,1,Kent,Arsenault,kent.arsenault@sakilacustomer.org,597,1,2006-02-14 00:00:00,2006-02-15 00:00:00
592,1,Terrance,Roush,terrance.roush@sakilacustomer.org,598,0,2006-02-14 00:00:00,2006-02-15 00:00:00
593,2,Rene,Mcalister,rene.mcalister@sakilacustomer.org,599,1,2006-02-14 00:00:00,2006-02-15 00:00:00
594,1,Eduardo,Hiatt,eduardo.hiatt@sakilacustomer.org,600,1,2006-02-14 00:00:00,2006-02-15 00:00:00
595,1,Terrence,Gunderson,terrence.gunderson@sakilacustomer.org,601,1,2006-02-14 00:00:00,2006-02-15 00:00:00
596,1,Enrique,Forsythe,enrique.forsythe@sakilacustomer.org,602,1,2006-02-14 00:00:00,2006-02-15 00:00:00
597,1,Freddie,Duggan,freddie.duggan@sakilacustomer.org,603,1,2006-02-14 00:00:00,2006-02-15 00:00:00
598,1,Wade,Delvalle,wade.delvalle@sakilacustomer.org,604,1,2006-02-14 00:00:00,2006-02-15 00:00:00
599,2,Austin,Cintron,austin.cintron@sakilacustomer.org,605,1,2006-02-14 00:00:00,2006-02-15 00:00:00
